{"cod":"200","message":0,"cnt":40,"list":[{"dt":1655715600,"main":{"temp":31.27,"feels_like":29.28,"temp_min":31,"temp_max":31.27,"pressure":1017,"sea_level":1017,"grnd_level":880,"humidity":19,"temp_kf":0.27},"weather":[{"id":801,"main":"Clouds","description":"few clouds","icon":"02d"}],"clouds":{"all":20},"wind":{"speed":3.73,"deg":210,"gust":3.05},"visibility":10000,"pop":0.17,"sys":{"pod":"d"},"dt_txt":"2022-06-20 09:00:00"},{"dt":1655726400,"main":{"temp":31.89,"feels_like":29.88,"temp_min":31.89,"temp_max":33.13,"pressure":1014,"sea_level":1014,"grnd_level":878,"humidity":20,"temp_kf":-1.24},"weather":[{"id":801,"main":"Clouds","description":"few clouds","icon":"02d"}],"clouds":{"all":13},"wind":{"speed":3.32,"deg":220,"gust":3.67},"visibility":10000,"pop":0.17,"sys":{"pod":"d"},"dt_txt":"2022-06-20 12:00:00"},{"dt":1655737200,"main":{"temp":32.62,"feels_like":30.51,"temp_min":32.62,"temp_max":33.3,"pressure":1010,"sea_level":1010,"grnd_level":877,"humidity":19,"temp_kf":-0.68},"weather":[{"id":800,"main":"Clear","description":"clear sky","icon":"01d"}],"clouds":{"all":7},"wind":{"speed":3.16,"deg":212,"gust":3.19},"visibility":10000,"pop":0.17,"sys":{"pod":"d"},"dt_txt":"2022-06-20 15:00:00"},{"dt":1655748000,"main":{"temp":31.44,"feels_like":29.57,"temp_min":31.44,"temp_max":31.44,"pressure":1008,"sea_level":1008,"grnd_level":877,"humidity":22,"temp_kf":0},"weather":[{"id":800,"main":"Clear","description":"clear sky","icon":"01n"}],"clouds":{"all":1},"wind":{"speed":4.28,"deg":161,"gust":4.26},"visibility":10000,"pop":0.05,"sys":{"pod":"n"},"dt_txt":"2022-06-20 18:00:00"},{"dt":1655758800,"main":{"temp":29.29,"feels_like":28,"temp_min":29.29,"temp_max":29.29,"pressure":1008,"sea_level":1008,"grnd_level":876,"humidity":28,"temp_kf":0},"weather":[{"id":800,"main":"Clear","description":"clear sky","icon":"01n"}],"clouds":{"all":2},"wind":{"speed":4.34,"deg":145,"gust":5.81},"visibility":10000,"pop":0,"sys":{"pod":"n"},"dt_txt":"2022-06-20 21:00:00"},{"dt":1655769600,"main":{"temp":25.5,"feels_like":24.94,"temp_min":25.5,"temp_max":25.5,"pressure":1010,"sea_level":1010,"grnd_level":876,"humidity":32,"temp_kf":0},"weather":[{"id":800,"main":"Clear","description":"clear sky","icon":"01n"}],"clouds":{"all":1},"wind":{"speed":3.13,"deg":150,"gust":4.86},"visibility":10000,"pop":0,"sys":{"pod":"n"},"dt_txt":"2022-06-21 00:00:00"},{"dt":1655780400,"main":{"temp":25.59,"feels_like":25.01,"temp_min":25.59,"temp_max":25.59,"pressure":1010,"sea_level":1010,"grnd_level":876,"humidity":31,"temp_kf":0},"weather":[{"id":800,"main":"Clear","description":"clear sky","icon":"01d"}],"clouds":{"all":2},"wind":{"speed":2.16,"deg":172,"gust":2.84},"visibility":10000,"pop":0,"sys":{"pod":"d"},"dt_txt":"2022-06-21 03:00:00"},{"dt":1655791200,"main":{"temp":27.15,"feels_like":26.37,"temp_min":27.15,"temp_max":27.15,"pressure":1008,"sea_level":1008,"grnd_level":876,"humidity":26,"temp_kf":0},"weather":[{"id":800,"main":"Clear","description":"clear sky","icon":"01d"}],"clouds":{"all":1},"wind":{"speed":3.41,"deg":181,"gust":2.94},"visibility":10000,"pop":0,"sys":{"pod":"d"},"dt_txt":"2022-06-21 06:00:00"},{"dt":1655802000,"main":{"temp":30.11,"feels_like":28.36,"temp_min":30.11,"temp_max":30.11,"pressure":1005,"sea_level":1005,"grnd_level":874,"humidity":21,"temp_kf":0},"weather":[{"id":800,"main":"Clear","description":"clear sky","icon":"01d"}],"clouds":{"all":0},"wind":{"speed":3.37,"deg":164,"gust":2.99},"visibility":10000,"pop":0.01,"sys":{"pod":"d"},"dt_txt":"2022-06-21 09:00:00"},{"dt":1655812800,"main":{"temp":32.52,"feels_like":30.32,"temp_min":32.52,"temp_max":32.52,"pressure":1002,"sea_level":1002,"grnd_level":872,"humidity":17,"temp_kf":0},"weather":[{"id":800,"main":"Clear","description":"clear sky","icon":"01d"}],"clouds":{"all":0},"wind":{"speed":3.38,"deg":159,"gust":2.88},"visibility":10000,"pop":0.08,"sys":{"pod":"d"},"dt_txt":"2022-06-21 12:00:00"},{"dt":1655823600,"main":{"temp":32.65,"feels_like":30.4,"temp_min":32.65,"temp_max":32.65,"pressure":1000,"sea_level":1000,"grnd_level":870,"humidity":16,"temp_kf":0},"weather":[{"id":800,"main":"Clear","description":"clear sky","icon":"01d"}],"clouds":{"all":0},"wind":{"speed":3.05,"deg":140,"gust":2.74},"visibility":10000,"pop":0.07,"sys":{"pod":"d"},"dt_txt":"2022-06-21 15:00:00"},{"dt":1655834400,"main":{"temp":30.57,"feels_like":28.65,"temp_min":30.57,"temp_max":30.57,"pressure":1000,"sea_level":1000,"grnd_level":870,"humidity":18,"temp_kf":0},"weather":[{"id":800,"main":"Clear","description":"clear sky","icon":"01n"}],"clouds":{"all":1},"wind":{"speed":4.62,"deg":145,"gust":5.38},"visibility":10000,"pop":0.04,"sys":{"pod":"n"},"dt_txt":"2022-06-21 18:00:00"},{"dt":1655845200,"main":{"temp":28.87,"feels_like":27.36,"temp_min":28.87,"temp_max":28.87,"pressure":999,"sea_level":999,"grnd_level":868,"humidity":20,"temp_kf":0},"weather":[{"id":801,"main":"Clouds","description":"few clouds","icon":"02n"}],"clouds":{"all":23},"wind":{"speed":3.03,"deg":127,"gust":4.36},"visibility":10000,"pop":0,"sys":{"pod":"n"},"dt_txt":"2022-06-21 21:00:00"},{"dt":1655856000,"main":{"temp":27.78,"feels_like":26.62,"temp_min":27.78,"temp_max":27.78,"pressure":999,"sea_level":999,"grnd_level":868,"humidity":21,"temp_kf":0},"weather":[{"id":802,"main":"Clouds","description":"scattered clouds","icon":"03n"}],"clouds":{"all":28},"wind":{"speed":1.49,"deg":119,"gust":2.95},"visibility":10000,"pop":0,"sys":{"pod":"n"},"dt_txt":"2022-06-22 00:00:00"},{"dt":1655866800,"main":{"temp":28.37,"feels_like":27,"temp_min":28.37,"temp_max":28.37,"pressure":999,"sea_level":999,"grnd_level":868,"humidity":20,"temp_kf":0},"weather":[{"id":800,"main":"Clear","description":"clear sky","icon":"01d"}],"clouds":{"all":2},"wind":{"speed":1.52,"deg":147,"gust":2.43},"visibility":10000,"pop":0,"sys":{"pod":"d"},"dt_txt":"2022-06-22 03:00:00"},{"dt":1655877600,"main":{"temp":31.1,"feels_like":29.05,"temp_min":31.1,"temp_max":31.1,"pressure":999,"sea_level":999,"grnd_level":869,"humidity":16,"temp_kf":0},"weather":[{"id":800,"main":"Clear","description":"clear sky","icon":"01d"}],"clouds":{"all":1},"wind":{"speed":3.78,"deg":157,"gust":5.07},"visibility":10000,"pop":0,"sys":{"pod":"d"},"dt_txt":"2022-06-22 06:00:00"},{"dt":1655888400,"main":{"temp":33.53,"feels_like":31.06,"temp_min":33.53,"temp_max":33.53,"pressure":998,"sea_level":998,"grnd_level":869,"humidity":11,"temp_kf":0},"weather":[{"id":800,"main":"Clear","description":"clear sky","icon":"01d"}],"clouds":{"all":0},"wind":{"speed":4.71,"deg":162,"gust":4.2},"visibility":10000,"pop":0,"sys":{"pod":"d"},"dt_txt":"2022-06-22 09:00:00"},{"dt":1655899200,"main":{"temp":34.83,"feels_like":32.17,"temp_min":34.83,"temp_max":34.83,"pressure":996,"sea_level":996,"grnd_level":868,"humidity":9,"temp_kf":0},"weather":[{"id":800,"main":"Clear","description":"clear sky","icon":"01d"}],"clouds":{"all":0},"wind":{"speed":3.05,"deg":142,"gust":5.22},"visibility":10000,"pop":0,"sys":{"pod":"d"},"dt_txt":"2022-06-22 12:00:00"},{"dt":1655910000,"main":{"temp":35.18,"feels_like":32.45,"temp_min":35.18,"temp_max":35.18,"pressure":995,"sea_level":995,"grnd_level":867,"humidity":8,"temp_kf":0},"weather":[{"id":800,"main":"Clear","description":"clear sky","icon":"01d"}],"clouds":{"all":1},"wind":{"speed":4.54,"deg":161,"gust":7.82},"visibility":10000,"pop":0,"sys":{"pod":"d"},"dt_txt":"2022-06-22 15:00:00"},{"dt":1655920800,"main":{"temp":33.31,"feels_like":30.87,"temp_min":33.31,"temp_max":33.31,"pressure":998,"sea_level":998,"grnd_level":869,"humidity":9,"temp_kf":0},"weather":[{"id":802,"main":"Clouds","description":"scattered clouds","icon":"03n"}],"clouds":{"all":48},"wind":{"speed":6.42,"deg":257,"gust":10.08},"visibility":10000,"pop":0,"sys":{"pod":"n"},"dt_txt":"2022-06-22 18:00:00"},{"dt":1655931600,"main":{"temp":30.51,"feels_like":28.54,"temp_min":30.51,"temp_max":30.51,"pressure":999,"sea_level":999,"grnd_level":869,"humidity":11,"temp_kf":0},"weather":[{"id":803,"main":"Clouds","description":"broken clouds","icon":"04n"}],"clouds":{"all":61},"wind":{"speed":4.71,"deg":301,"gust":8.67},"visibility":10000,"pop":0,"sys":{"pod":"n"},"dt_txt":"2022-06-22 21:00:00"},{"dt":1655942400,"main":{"temp":28.28,"feels_like":26.83,"temp_min":28.28,"temp_max":28.28,"pressure":1000,"sea_level":1000,"grnd_level":869,"humidity":13,"temp_kf":0},"weather":[{"id":802,"main":"Clouds","description":"scattered clouds","icon":"03n"}],"clouds":{"all":30},"wind":{"speed":3.84,"deg":295,"gust":5.63},"visibility":10000,"pop":0,"sys":{"pod":"n"},"dt_txt":"2022-06-23 00:00:00"},{"dt":1655953200,"main":{"temp":27.77,"feels_like":26.47,"temp_min":27.77,"temp_max":27.77,"pressure":1002,"sea_level":1002,"grnd_level":870,"humidity":14,"temp_kf":0},"weather":[{"id":800,"main":"Clear","description":"clear sky","icon":"01d"}],"clouds":{"all":0},"wind":{"speed":3.39,"deg":284,"gust":4.46},"visibility":10000,"pop":0,"sys":{"pod":"d"},"dt_txt":"2022-06-23 03:00:00"},{"dt":1655964000,"main":{"temp":29.89,"feels_like":28.06,"temp_min":29.89,"temp_max":29.89,"pressure":1003,"sea_level":1003,"grnd_level":872,"humidity":10,"temp_kf":0},"weather":[{"id":800,"main":"Clear","description":"clear sky","icon":"01d"}],"clouds":{"all":0},"wind":{"speed":3.83,"deg":247,"gust":3.68},"visibility":10000,"pop":0,"sys":{"pod":"d"},"dt_txt":"2022-06-23 06:00:00"},{"dt":1655974800,"main":{"temp":32.13,"feels_like":29.93,"temp_min":32.13,"temp_max":32.13,"pressure":1003,"sea_level":1003,"grnd_level":873,"humidity":7,"temp_kf":0},"weather":[{"id":800,"main":"Clear","description":"clear sky","icon":"01d"}],"clouds":{"all":0},"wind":{"speed":5.03,"deg":244,"gust":5.54},"visibility":10000,"pop":0,"sys":{"pod":"d"},"dt_txt":"2022-06-23 09:00:00"},{"dt":1655985600,"main":{"temp":33.36,"feels_like":30.92,"temp_min":33.36,"temp_max":33.36,"pressure":1002,"sea_level":1002,"grnd_level":872,"humidity":8,"temp_kf":0},"weather":[{"id":800,"main":"Clear","description":"clear sky","icon":"01d"}],"clouds":{"all":0},"wind":{"speed":3.17,"deg":285,"gust":6.28},"visibility":10000,"pop":0,"sys":{"pod":"d"},"dt_txt":"2022-06-23 12:00:00"},{"dt":1655996400,"main":{"temp":33.15,"feels_like":30.73,"temp_min":33.15,"temp_max":33.15,"pressure":1002,"sea_level":1002,"grnd_level":872,"humidity":9,"temp_kf":0},"weather":[{"id":800,"main":"Clear","description":"clear sky","icon":"01d"}],"clouds":{"all":0},"wind":{"speed":3.59,"deg":308,"gust":6.93},"visibility":10000,"pop":0,"sys":{"pod":"d"},"dt_txt":"2022-06-23 15:00:00"},{"dt":1656007200,"main":{"temp":31.84,"feels_like":29.63,"temp_min":31.84,"temp_max":31.84,"pressure":1004,"sea_level":1004,"grnd_level":873,"humidity":10,"temp_kf":0},"weather":[{"id":800,"main":"Clear","description":"clear sky","icon":"01n"}],"clouds":{"all":0},"wind":{"speed":2.29,"deg":329,"gust":3.71},"visibility":10000,"pop":0,"sys":{"pod":"n"},"dt_txt":"2022-06-23 18:00:00"},{"dt":1656018000,"main":{"temp":29.22,"feels_like":27.58,"temp_min":29.22,"temp_max":29.22,"pressure":1005,"sea_level":1005,"grnd_level":873,"humidity":18,"temp_kf":0},"weather":[{"id":800,"main":"Clear","description":"clear sky","icon":"01n"}],"clouds":{"all":0},"wind":{"speed":3.92,"deg":305,"gust":5.27},"visibility":10000,"pop":0,"sys":{"pod":"n"},"dt_txt":"2022-06-23 21:00:00"},{"dt":1656028800,"main":{"temp":27.68,"feels_like":26.61,"temp_min":27.68,"temp_max":27.68,"pressure":1005,"sea_level":1005,"grnd_level":873,"humidity":23,"temp_kf":0},"weather":[{"id":800,"main":"Clear","description":"clear sky","icon":"01n"}],"clouds":{"all":0},"wind":{"speed":3.75,"deg":312,"gust":5.18},"visibility":10000,"pop":0,"sys":{"pod":"n"},"dt_txt":"2022-06-24 00:00:00"},{"dt":1656039600,"main":{"temp":27.89,"feels_like":26.75,"temp_min":27.89,"temp_max":27.89,"pressure":1007,"sea_level":1007,"grnd_level":875,"humidity":23,"temp_kf":0},"weather":[{"id":800,"main":"Clear","description":"clear sky","icon":"01d"}],"clouds":{"all":0},"wind":{"speed":3.29,"deg":304,"gust":4.31},"visibility":10000,"pop":0,"sys":{"pod":"d"},"dt_txt":"2022-06-24 03:00:00"},{"dt":1656050400,"main":{"temp":30.48,"feels_like":28.67,"temp_min":30.48,"temp_max":30.48,"pressure":1007,"sea_level":1007,"grnd_level":876,"humidity":21,"temp_kf":0},"weather":[{"id":800,"main":"Clear","description":"clear sky","icon":"01d"}],"clouds":{"all":0},"wind":{"speed":4.46,"deg":258,"gust":3.98},"visibility":10000,"pop":0,"sys":{"pod":"d"},"dt_txt":"2022-06-24 06:00:00"},{"dt":1656061200,"main":{"temp":33.02,"feels_like":30.67,"temp_min":33.02,"temp_max":33.02,"pressure":1006,"sea_level":1006,"grnd_level":875,"humidity":14,"temp_kf":0},"weather":[{"id":800,"main":"Clear","description":"clear sky","icon":"01d"}],"clouds":{"all":0},"wind":{"speed":5.28,"deg":249,"gust":4.75},"visibility":10000,"pop":0.01,"sys":{"pod":"d"},"dt_txt":"2022-06-24 09:00:00"},{"dt":1656072000,"main":{"temp":34.4,"feels_like":31.83,"temp_min":34.4,"temp_max":34.4,"pressure":1004,"sea_level":1004,"grnd_level":875,"humidity":11,"temp_kf":0},"weather":[{"id":800,"main":"Clear","description":"clear sky","icon":"01d"}],"clouds":{"all":0},"wind":{"speed":5.87,"deg":265,"gust":6.46},"visibility":10000,"pop":0.08,"sys":{"pod":"d"},"dt_txt":"2022-06-24 12:00:00"},{"dt":1656082800,"main":{"temp":34.19,"feels_like":31.64,"temp_min":34.19,"temp_max":34.19,"pressure":1004,"sea_level":1004,"grnd_level":874,"humidity":11,"temp_kf":0},"weather":[{"id":800,"main":"Clear","description":"clear sky","icon":"01d"}],"clouds":{"all":0},"wind":{"speed":4.44,"deg":308,"gust":7.6},"visibility":10000,"pop":0.05,"sys":{"pod":"d"},"dt_txt":"2022-06-24 15:00:00"},{"dt":1656093600,"main":{"temp":32.5,"feels_like":30.18,"temp_min":32.5,"temp_max":32.5,"pressure":1005,"sea_level":1005,"grnd_level":874,"humidity":12,"temp_kf":0},"weather":[{"id":800,"main":"Clear","description":"clear sky","icon":"01n"}],"clouds":{"all":0},"wind":{"speed":2.1,"deg":353,"gust":2.63},"visibility":10000,"pop":0.05,"sys":{"pod":"n"},"dt_txt":"2022-06-24 18:00:00"},{"dt":1656104400,"main":{"temp":30.96,"feels_like":28.9,"temp_min":30.96,"temp_max":30.96,"pressure":1004,"sea_level":1004,"grnd_level":874,"humidity":13,"temp_kf":0},"weather":[{"id":800,"main":"Clear","description":"clear sky","icon":"01n"}],"clouds":{"all":0},"wind":{"speed":1.83,"deg":7,"gust":2.56},"visibility":10000,"pop":0,"sys":{"pod":"n"},"dt_txt":"2022-06-24 21:00:00"},{"dt":1656115200,"main":{"temp":29.31,"feels_like":27.61,"temp_min":29.31,"temp_max":29.31,"pressure":1005,"sea_level":1005,"grnd_level":873,"humidity":15,"temp_kf":0},"weather":[{"id":800,"main":"Clear","description":"clear sky","icon":"01n"}],"clouds":{"all":0},"wind":{"speed":1.79,"deg":2,"gust":3.1},"visibility":10000,"pop":0,"sys":{"pod":"n"},"dt_txt":"2022-06-25 00:00:00"},{"dt":1656126000,"main":{"temp":29.77,"feels_like":27.96,"temp_min":29.77,"temp_max":29.77,"pressure":1006,"sea_level":1006,"grnd_level":875,"humidity":15,"temp_kf":0},"weather":[{"id":800,"main":"Clear","description":"clear sky","icon":"01d"}],"clouds":{"all":0},"wind":{"speed":1.72,"deg":310,"gust":2.18},"visibility":10000,"pop":0,"sys":{"pod":"d"},"dt_txt":"2022-06-25 03:00:00"},{"dt":1656136800,"main":{"temp":32.02,"feels_like":29.78,"temp_min":32.02,"temp_max":32.02,"pressure":1006,"sea_level":1006,"grnd_level":875,"humidity":13,"temp_kf":0},"weather":[{"id":800,"main":"Clear","description":"clear sky","icon":"01d"}],"clouds":{"all":0},"wind":{"speed":2.03,"deg":204,"gust":2.83},"visibility":10000,"pop":0,"sys":{"pod":"d"},"dt_txt":"2022-06-25 06:00:00"}],"city":{"id":6659521,"name":"Kūy-e Ekhteşāşī-ye Gomrok","coord":{"lat":35.7219,"lon":51.3347},"country":"IR","population":0,"timezone":16200,"sunrise":1655687928,"sunset":1655740410}}